{
  "marcas": [
    {
      "marca": "Toyota",
      "modelos": [
        "Corolla",
        "Yaris",
        "Rav4",
        "Hilux",
        "Land Cruiser Prado",
        "Fortuner",
        "Etios",
        "Auris",
        "Avensis",
        "Corona",
        "4runner",
        "Avanza",
        "Caldina",
        "Camry",
        "Celica",
        "Chaser",
        "Corona",
        "Corsa",
        "Cressida",
        "Highlander",
        "Mark",
        "Prius",
        "Probox",
        "Ractis",
        "Scout",
        "Succeed",
        "Tacoma",
        "Tercel",
        "Tundra",
        "Urban Cruiser",
        "Voxy",
        "Yaris",
        "otro modelo"
      ],
      "id": 1
    },
    {
      "marca": "Kia",
      "modelos": [
        "Cerato",
        "Cerato Hatchback",
        "Sportage",
        "Sorento",
        "Carnival",
        "Soul",
        "Koup",
        "Picato",
        "Picanto Cross",
        "Cadenza",
        "Carens",
        "Mohave",
        "Optima",
        "Rio",
        "Rio Hatchback",
        "Soluto",
        "Stinger",
        "Towner",
        "otro modelo"
      ],
      "id": 2
    },
    {
      "marca": "Nissan",
      "modelos": [
        "X-Trail",
        "Sentra",
        "Versa",
        "Tiida",
        "Qashqai",
        "Frontier",
        "Kicks",
        "March",
        "Almera",
        "Altima",
        "Bluebird",
        "Cube",
        "Juke",
        "Liberty",
        "Maxima",
        "Murano",
        "Navara",
        "Np300",
        "Pathfinder",
        "Patrol",
        "Primera",
        "Pulsar",
        "Silvia",
        "Skyline",
        "Sunny"
      ],
      "id": 3
    },
    {
      "marca": "Hyundai",
      "modelos": [
        "Santa Fe",
        "Elantra",
        "Accent",
        "Tucson",
        "Creta",
        "Sonata",
        "H-1",
        "I20",
        "Atos",
        "Avante",
        "Excel",
        "Galloper",
        "Genesis",
        "Getz",
        "I10",
        "I20",
        "I30",
        "Ioniq",
        "Palisade",
        "Tiburon",
        "Veloster",
        "Venue",
        "Veracruz",
        "Verna"
      ],
      "id": 4
    },
    {
      "marca": "Volkswagen",
      "modelos": [
        "Jetta",
        "Gol",
        "Bora",
        "Amarok",
        "Crossfox",
        "Tiguan",
        "Passat",
        "Amazon",
        "Beetle",
        "Escarabajo",
        "Golf",
        "Polo",
        "T-Cross",
        "Touareg",
        "Transporter",
        "Up",
        "Vento",
        "Virtus",
        "Voyage"
      ],
      "id": 5
    }
  ],
  "categorias": [
    {
      "categoria": "sedan",
      "id": 1
    },
    {
      "categoria": "camioneta-suv",
      "id": 2
    },
    {
      "categoria": "hatchback",
      "id": 3
    },
    {
      "categoria": "deportivo",
      "id": 4
    },
    {
      "categoria": "pick-up",
      "id": 5
    },
    {
      "categoria": "vans",
      "id": 6
    },
    {
      "categoria": "station-wagon",
      "id": 7
    },
    {
      "categoria": "otros",
      "id": 8
    }
  ],
  "vendedores": [
    {
      "nombre": "Diego",
      "Apellido": "Perez",
      "email": "dperez@hotmail.com",
      "contraseña": "123456",
      "dni": "41578512",
      "celular": "995676335",
      "id": 1
    },
    {
      "nombre": "Juan",
      "Apellido": "Gonzales",
      "email": "jgonzales@gmail.com",
      "contraseña": "123456",
      "dni": "08541263",
      "celular": "999456123",
      "id": 2
    },
    {
      "nombre": "Peter",
      "Apellido": "Parker",
      "email": "spidy@avenger.com",
      "contraseña": "test",
      "dni": "88887777",
      "celular": "999777666",
      "id": 3
    }
  ],
  "combustibles": [
    {
      "combustible": "gasolina",
      "id": 1
    },
    {
      "combustible": "diesel",
      "id": 2
    },
    {
      "combustible": "dual-glp",
      "id": 3
    },
    {
      "combustible": "dual-gnv",
      "id": 4
    },
    {
      "combustible": "híbrido",
      "id": 5
    }
  ],
  "transmisiones": [
    {
      "transmision": "mecanica",
      "id": 1
    },
    {
      "transmision": "automatica",
      "id": 2
    }
  ],
  "regiones": [
    {
      "region": "Amazonas",
      "id": 1
    },
    {
      "region": "Ancash",
      "id": 2
    },
    {
      "region": "Apurimac",
      "id": 3
    },
    {
      "region": "Arequipa",
      "id": 4
    },
    {
      "region": "Ayacucho",
      "id": 5
    },
    {
      "region": "Cajamarca",
      "id": 6
    },
    {
      "region": "Callao",
      "id": 7
    },
    {
      "region": "Cusco",
      "id": 8
    },
    {
      "region": "Huancavelica",
      "id": 9
    },
    {
      "region": "Huanuco",
      "id": 10
    },
    {
      "region": "Ica",
      "id": 11
    },
    {
      "region": "Junin",
      "id": 12
    },
    {
      "region": "La Libertad",
      "id": 13
    },
    {
      "region": "Lambayeque",
      "id": 14
    },
    {
      "region": "Lima",
      "id": 15
    },
    {
      "region": "Loreto",
      "id": 16
    },
    {
      "region": "Madre de Dios",
      "id": 17
    },
    {
      "region": "Moquegua",
      "id": 18
    },
    {
      "region": "Pasco",
      "id": 19
    },
    {
      "region": "Piura",
      "id": 20
    },
    {
      "region": "Puno",
      "id": 21
    },
    {
      "region": "San Martin",
      "id": 22
    },
    {
      "region": "Tacna",
      "id": 23
    },
    {
      "region": "Tumbes",
      "id": 24
    },
    {
      "region": "Ucayali",
      "id": 25
    }
  ],
  "ofertas": [
    {
      "idVendedor": 2,
      "descripcion": "Toyota Yaris semi-nuevo, 4 puertas, 1300cc, con aros de aleación, 2 Airbags",
      "idMarca": 1,
      "marca": "Toyota",
      "modelo": "Yaris",
      "categoria": "sedan",
      "añomfabricacion": "2015",
      "añomodelo": "2016",
      "kilometraje": "20000",
      "transmision": "mecánica",
      "combustible": "dual-glp",
      "cilindrada": "1300",
      "numeropuertas": 4,
      "color": "rojo",
      "preciodolares": "10000",
      "autonuevo": false,
      "region": "Lima",
      "photos": [
        "https://cdn.motor1.com/images/mgl/WVLZ6/s1/4x3/lanzamiento-toyota-yaris-2021.webp",
        "https://cde.neoauto.pe/autos_usados/196x164/650434/650434_4851468.jpg?20211126110224"
      ],
      "id": 1
    },
    {
      "idVendedor": 2,
      "descripcion": "KIA CERATO 2019 - AZUL AZURE - SEDAN Impecable (FACTURABLE 100%) - Motor a gasolina 1.6 LT de 4 cilindros en línea con potencia de 126 HP / 6.300 RPM y 155 Nm de Torque",
      "idMarca": 2,
      "marca": "Kia",
      "modelo": "Cerato",
      "categoria": "sedan",
      "añomfabricacion": "2018",
      "añomodelo": "2019",
      "kilometraje": "15000",
      "transmision": "automatica",
      "combustible": "dual-gnv",
      "cilindrada": "1600",
      "numeropuertas": 4,
      "color": "azul",
      "preciodolares": "21000",
      "autonuevo": false,
      "region": "Lima",
      "photos": [
        "https://cde.neoauto.pe/autos_usados/800x600/113873/113873_5224061.jpg?20211126110224",
        "https://cde.neoauto.pe/autos_usados/800x600/113873/113873_6546036.jpg?20211126110224"
      ],
      "id": 2
    },
    {
      "idVendedor": 1,
      "descripcion": "Sedan amplio Toyota Corolla sedan 1.8cvt año 2019 modelo 2019, 50,739 km de recorrido, transmision automatica cvt",
      "idMarca": 1,
      "marca": "Toyota",
      "modelo": "Corolla",
      "categoria": "sedan",
      "añomfabricacion": "2017",
      "añomodelo": "2017",
      "kilometraje": "50739",
      "transmision": "automatica",
      "combustible": "gasolina",
      "cilindrada": "1800",
      "numeropuertas": 4,
      "color": "negro",
      "preciodolares": "18000",
      "autonuevo": false,
      "region": "Lima",
      "photos": [
        "https://cde.neoauto.pe/autos_usados/800x600/663163/663163_2246008.jpg?20211130002909",
        "https://cde.neoauto.pe/autos_usados/196x164/663163/663163_7295871.jpg?20211130002909",
        "https://cde.neoauto.pe/autos_usados/196x164/663163/663163_8169825.jpg?20211130002909"
      ],
      "id": 3
    },
    {
      "idVendedor": 1,
      "descripcion": "SUV 4x4 Hyundai poco uso super moderna lo vendo por viaje aproveche esta oportunidad unica 1.6T 2021, transmision automatica cvt",
      "idMarca": 4,
      "marca": "Hyundai",
      "modelo": "Tucson",
      "categoria": "camioneta-suv",
      "añomfabricacion": "2020",
      "añomodelo": "2021",
      "kilometraje": "1263",
      "transmision": "automatica",
      "combustible": "gasolina",
      "cilindrada": "1.6 T",
      "numeropuertas": 5,
      "color": "azul_pastel",
      "preciodolares": "24000",
      "autonuevo": false,
      "region": "Lima",
      "photos": [
        "https://images.cars.com/cldstatic/wp-content/uploads/hyundai-kona-2022-03-blue-exterior-front-angle-suv-scaled.jpg",
        "https://images.cars.com/cldstatic/wp-content/uploads/hyundai-kona-2022-04-blue-exterior-profile-suv-scaled.jpg",
        "https://images.cars.com/cldstatic/wp-content/uploads/hyundai-kona-2022-02-badge-blue-exterior-front-grille-headlights-suv-scaled.jpg",
        "https://images.cars.com/cldstatic/wp-content/uploads/hyundai-kona-2022-07-badge-blue-exterior-suv-scaled.jpg"
      ],
      "id": 4
    },
    {
      "idVendedor": 2,
      "descripcion": "Vendo mi auto Nissan Versa 1600 cc mecanico Dual con GNV con llantas nuevas, radio con pantalla tactil color negro en excelentes condiciones",
      "idMarca": 3,
      "marca": "Nissan",
      "modelo": "Versa",
      "categoria": "sedan",
      "añomfabricacion": "2020",
      "añomodelo": "2019",
      "kilometraje": "27000",
      "transmision": "mecanica",
      "combustible": "dual-gnv",
      "cilindrada": "1600",
      "numeropuertas": 4,
      "color": "negro",
      "preciodolares": "11200",
      "autonuevo": false,
      "region": "Lima",
      "photos": [
        "https://apollo-virginia.akamaized.net/v1/files/erodnpi0mf772-PE/image;s=780x0;q=60",
        "https://apollo-virginia.akamaized.net/v1/files/i64jvnomleai-PE/image;s=780x0;q=60",
        "https://apollo-virginia.akamaized.net/v1/files/upmmg2uw7enm2-PE/image;s=780x0;q=60",
        "https://apollo-virginia.akamaized.net/v1/files/v55rab2hqmuf2-PE/image;s=780x0;q=60"
      ],
      "id": 5
    },
    {
      "idVendedor": 1,
      "descripcion": "VW Modelo Passat año 2014 sedan 4 puertas, Perfecto Estado de Uso particular Dama, Vendo por Viaje",
      "idMarca": 5,
      "marca": "Volkswagen",
      "modelo": "Passat",
      "categoria": "sedan",
      "añomfabricacion": "2013",
      "añomodelo": "2014",
      "kilometraje": "65200",
      "transmision": "automatica",
      "combustible": "gasolina",
      "cilindrada": "2000cc",
      "numeropuertas": 4,
      "color": "plateado",
      "preciodolares": "8900",
      "autonuevo": false,
      "region": "Lima",
      "photos": [
        "https://apollo-virginia.akamaized.net/v1/files/zr8cd6doe8o21-PE/image;s=780x0;q=60",
        "https://images.cars.com/cldstatic/wp-content/uploads/hyundai-kona-2022-02-badge-blue-exterior-front-grille-headlights-suv-scaled.jpg",
        "https://apollo-virginia.akamaized.net/v1/files/jjgjuik7z6cz2-PE/image;s=780x0;q=60",
        "https://apollo-virginia.akamaized.net/v1/files/xzy7d5ef94r92-PE/image;s=780x0;q=60"
      ],
      "id": 6
    }
  ]
}